Workbook

Sheet Overview
A1: Sip Studies - UAT Overview
A3: Document | B3: Sip Studies - UAT Test Plan
A4: Generated | B4: 2026-02-28 23:21
A5: Scope | B5: Current implemented front-end across Sip Studios, Ai RnD, Somm Support, and hash routing.
A6: Build Type | B6: Manual UAT - Functional/UI/Regression/Accessibility
A7: Execution Status | B7: Use UAT Cases sheet to execute and update Status, Actual Result, and Defect ID.
A8: Status Legend | B8: Not Run, Pass, Fail, Blocked, N/A
A9: Priority Legend | B9: P1 = High, P2 = Medium, P3 = Low
A11: Live Metrics
A12: Total Test Cases | B12: =COUNTA('UAT Cases'!A:A)-1
A13: Pass | B13: =COUNTIF('UAT Cases'!J:J,"Pass")
A14: Fail | B14: =COUNTIF('UAT Cases'!J:J,"Fail")
A15: Blocked | B15: =COUNTIF('UAT Cases'!J:J,"Blocked")
A16: Not Run | B16: =COUNTIF('UAT Cases'!J:J,"Not Run")
A17: Pass Rate | B17: =IF(B12=0,0,B13/B12)

Sheet UAT Cases
A1: Test ID | B1: Area | C1: Feature | D1: User Role | E1: Preconditions | F1: Test Type | G1: Priority | H1: Test Steps | I1: Expected Result | J1: Status | K1: Actual Result | L1: Defect ID | M1: Notes
A2: UAT-NAV-001 | B2: Global Navigation | C2: Brand House Tier Switch | D2: Guest/User | E2: Application loads successfully | F2: Functional | G2: P1 | H2: 1. Open home page. 2. Click Ai RnD logo. 3. Click Somm Support logo. 4. Click Sip Studios logo. | I2: Each logo switches brand tier and shows the corresponding sub-navigation and content page. | J2: Not Run
A3: UAT-NAV-002 | B3: Global Navigation | C3: Sip Studios Tabs Visibility | D3: Guest/User | E3: Brand tier set to Sip Studios | F3: UI | G3: P1 | H3: 1. Select Sip Studios tier. 2. Review visible tabs. | I3: Tabs include Sip Academy, Sipopedia, Flavor Wheel, Tasting Journal, Tasting Groups, Beverage Quiz, Beverage News, Regions. | J3: Not Run
A4: UAT-NAV-003 | B4: Global Navigation | C4: Ai RnD Sub-Nav | D4: Guest/User | E4: Brand tier set to Ai RnD | F4: Functional | G4: P2 | H4: 1. Select Ai RnD tier. | I4: News tab is available and selected state styling is applied. | J4: Not Run
A5: UAT-NAV-004 | B5: Global Navigation | C5: Somm Support Sub-Nav | D5: Guest/User | E5: Brand tier set to Somm Support | F5: Functional | G5: P2 | H5: 1. Select Somm Support tier. | I5: News tab is available and selected state styling is applied. | J5: Not Run
A6: UAT-NAV-005 | B6: Global Navigation | C6: Hash Routing - Supported Routes | D6: Guest/User | E6: Browser supports hash URLs | F6: Functional | G6: P1 | H6: 1. Enter each supported hash route (Sip Academy, Sipopedia, Flavor Wheel, Tasting Journal, Tasting Groups, Beverage Quiz, Beverage News, Regions, Ai News, Somm News). | I6: Each hash opens the intended page without full reload errors. | J6: Not Run
A7: UAT-NAV-006 | B7: Global Navigation | C7: Hash Alias Handling | D7: Guest/User | E7: App is loaded | F7: Functional | G7: P2 | H7: 1. Navigate to #home. 2. Navigate to #terminology. | I7: #home resolves to Sip Academy and #terminology resolves to Sipopedia. | J7: Not Run
A8: UAT-NAV-007 | B8: Global Navigation | C8: Invalid Hash Fallback | D8: Guest/User | E8: App is loaded | F8: Functional | G8: P1 | H8: 1. Navigate to an unknown hash. | I8: Application falls back to Sip Academy without crashing. | J8: Not Run
A9: UAT-NAV-008 | B9: Global Navigation | C9: Browser Back/Forward | D9: Guest/User | E9: Navigate across at least 3 tabs | F9: Regression | G9: P2 | H9: 1. Move between multiple tabs and brand tiers. 2. Use browser back and forward. | I9: Page state tracks browser history and updates content correctly. | J9: Not Run
A10: UAT-ACA-001 | B10: Sip Academy | C10: Auth Panel Render | D10: Guest/User | E10: Sip Academy tab open | F10: UI | G10: P2 | H10: 1. Open Sip Academy. 2. Verify auth section visibility. | I10: Auth panel is visible and actions are clearly available. | J10: Not Run
A11: UAT-ACA-002 | B11: Sip Academy | C11: AI Lab Prompt Flow | D11: Guest/User | E11: Sip Academy tab open | F11: Functional | G11: P1 | H11: 1. Enter prompt in AI Lab. 2. Submit generation action. | I11: User receives generated output or a clear non-breaking error state. | J11: Not Run
A12: UAT-ACA-003 | B12: Sip Academy | C12: Learning Path Node Navigation | D12: Guest/User | E12: Sip Academy tab open | F12: Functional | G12: P1 | H12: 1. Open Learning Path. 2. Select current and unlocked nodes. | I12: Lesson content panel updates to selected node and preserves active state. | J12: Not Run
A13: UAT-ACA-004 | B13: Sip Academy | C13: Lesson Modal Studio Open | D13: Guest/User | E13: An available lesson node exists | F13: Functional | G13: P1 | H13: 1. Launch lesson studio/modal. 2. Close modal. | I13: Modal opens with lesson content and closes without layout break. | J13: Not Run
... A66: UAT-CROSS-004 | B66: Cross-Cutting | C66: Basic Error Resilience | D66: Guest/User | E66: Attempt network dependent actions | F66: Regression | G66: P1 | H66: 1. Trigger actions that can fail such as refresh or generation. | I66: UI shows informative notice states without crashing. | J66: Not Run

Sheet Coverage Matrix
A1: Area | B1: Total | C1: Pass | D1: Fail | E1: Blocked | F1: Not Run | G1: Pass Rate
A2: Ai RnD | B2: =COUNTIF('UAT Cases'!B:B,A2) | C2: =COUNTIFS('UAT Cases'!B:B,A2,'UAT Cases'!J:J,"Pass") | D2: =COUNTIFS('UAT Cases'!B:B,A2,'UAT Cases'!J:J,"Fail") | E2: =COUNTIFS('UAT Cases'!B:B,A2,'UAT Cases'!J:J,"Blocked") | F2: =COUNTIFS('UAT Cases'!B:B,A2,'UAT Cases'!J:J,"Not Run") | G2: =IF(B2=0,0,C2/B2)
A3: Beverage News | B3: =COUNTIF('UAT Cases'!B:B,A3) | C3: =COUNTIFS('UAT Cases'!B:B,A3,'UAT Cases'!J:J,"Pass") | D3: =COUNTIFS('UAT Cases'!B:B,A3,'UAT Cases'!J:J,"Fail") | E3: =COUNTIFS('UAT Cases'!B:B,A3,'UAT Cases'!J:J,"Blocked") | F3: =COUNTIFS('UAT Cases'!B:B,A3,'UAT Cases'!J:J,"Not Run") | G3: =IF(B3=0,0,C3/B3)
A4: Beverage Quiz | B4: =COUNTIF('UAT Cases'!B:B,A4) | C4: =COUNTIFS('UAT Cases'!B:B,A4,'UAT Cases'!J:J,"Pass") | D4: =COUNTIFS('UAT Cases'!B:B,A4,'UAT Cases'!J:J,"Fail") | E4: =COUNTIFS('UAT Cases'!B:B,A4,'UAT Cases'!J:J,"Blocked") | F4: =COUNTIFS('UAT Cases'!B:B,A4,'UAT Cases'!J:J,"Not Run") | G4: =IF(B4=0,0,C4/B4)
A5: Cross-Cutting | B5: =COUNTIF('UAT Cases'!B:B,A5) | C5: =COUNTIFS('UAT Cases'!B:B,A5,'UAT Cases'!J:J,"Pass") | D5: =COUNTIFS('UAT Cases'!B:B,A5,'UAT Cases'!J:J,"Fail") | E5: =COUNTIFS('UAT Cases'!B:B,A5,'UAT Cases'!J:J,"Blocked") | F5: =COUNTIFS('UAT Cases'!B:B,A5,'UAT Cases'!J:J,"Not Run") | G5: =IF(B5=0,0,C5/B5)
A6: Flavor Wheel | B6: =COUNTIF('UAT Cases'!B:B,A6) | C6: =COUNTIFS('UAT Cases'!B:B,A6,'UAT Cases'!J:J,"Pass") | D6: =COUNTIFS('UAT Cases'!B:B,A6,'UAT Cases'!J:J,"Fail") | E6: =COUNTIFS('UAT Cases'!B:B,A6,'UAT Cases'!J:J,"Blocked") | F6: =COUNTIFS('UAT Cases'!B:B,A6,'UAT Cases'!J:J,"Not Run") | G6: =IF(B6=0,0,C6/B6)
A7: Global Navigation | B7: =COUNTIF('UAT Cases'!B:B,A7) | C7: =COUNTIFS('UAT Cases'!B:B,A7,'UAT Cases'!J:J,"Pass") | D7: =COUNTIFS('UAT Cases'!B:B,A7,'UAT Cases'!J:J,"Fail") | E7: =COUNTIFS('UAT Cases'!B:B,A7,'UAT Cases'!J:J,"Blocked") | F7: =COUNTIFS('UAT Cases'!B:B,A7,'UAT Cases'!J:J,"Not Run") | G7: =IF(B7=0,0,C7/B7)
A8: Regions | B8: =COUNTIF('UAT Cases'!B:B,A8) | C8: =COUNTIFS('UAT Cases'!B:B,A8,'UAT Cases'!J:J,"Pass") | D8: =COUNTIFS('UAT Cases'!B:B,A8,'UAT Cases'!J:J,"Fail") | E8: =COUNTIFS('UAT Cases'!B:B,A8,'UAT Cases'!J:J,"Blocked") | F8: =COUNTIFS('UAT Cases'!B:B,A8,'UAT Cases'!J:J,"Not Run") | G8: =IF(B8=0,0,C8/B8)
A9: Sip Academy | B9: =COUNTIF('UAT Cases'!B:B,A9) | C9: =COUNTIFS('UAT Cases'!B:B,A9,'UAT Cases'!J:J,"Pass") | D9: =COUNTIFS('UAT Cases'!B:B,A9,'UAT Cases'!J:J,"Fail") | E9: =COUNTIFS('UAT Cases'!B:B,A9,'UAT Cases'!J:J,"Blocked") | F9: =COUNTIFS('UAT Cases'!B:B,A9,'UAT Cases'!J:J,"Not Run") | G9: =IF(B9=0,0,C9/B9)
A10: Sipopedia | B10: =COUNTIF('UAT Cases'!B:B,A10) | C10: =COUNTIFS('UAT Cases'!B:B,A10,'UAT Cases'!J:J,"Pass") | D10: =COUNTIFS('UAT Cases'!B:B,A10,'UAT Cases'!J:J,"Fail") | E10: =COUNTIFS('UAT Cases'!B:B,A10,'UAT Cases'!J:J,"Blocked") | F10: =COUNTIFS('UAT Cases'!B:B,A10,'UAT Cases'!J:J,"Not Run") | G10: =IF(B10=0,0,C10/B10)
A11: Somm Support | B11: =COUNTIF('UAT Cases'!B:B,A11) | C11: =COUNTIFS('UAT Cases'!B:B,A11,'UAT Cases'!J:J,"Pass") | D11: =COUNTIFS('UAT Cases'!B:B,A11,'UAT Cases'!J:J,"Fail") | E11: =COUNTIFS('UAT Cases'!B:B,A11,'UAT Cases'!J:J,"Blocked") | F11: =COUNTIFS('UAT Cases'!B:B,A11,'UAT Cases'!J:J,"Not Run") | G11: =IF(B11=0,0,C11/B11)
A12: Tasting Groups | B12: =COUNTIF('UAT Cases'!B:B,A12) | C12: =COUNTIFS('UAT Cases'!B:B,A12,'UAT Cases'!J:J,"Pass") | D12: =COUNTIFS('UAT Cases'!B:B,A12,'UAT Cases'!J:J,"Fail") | E12: =COUNTIFS('UAT Cases'!B:B,A12,'UAT Cases'!J:J,"Blocked") | F12: =COUNTIFS('UAT Cases'!B:B,A12,'UAT Cases'!J:J,"Not Run") | G12: =IF(B12=0,0,C12/B12)
A13: Tasting Journal | B13: =COUNTIF('UAT Cases'!B:B,A13) | C13: =COUNTIFS('UAT Cases'!B:B,A13,'UAT Cases'!J:J,"Pass") | D13: =COUNTIFS('UAT Cases'!B:B,A13,'UAT Cases'!J:J,"Fail") | E13: =COUNTIFS('UAT Cases'!B:B,A13,'UAT Cases'!J:J,"Blocked") | F13: =COUNTIFS('UAT Cases'!B:B,A13,'UAT Cases'!J:J,"Not Run") | G13: =IF(B13=0,0,C13/B13)
A15: TOTAL | B15: =SUM(B2:B13) | C15: =SUM(C2:C13) | D15: =SUM(D2:D13) | E15: =SUM(E2:E13) | F15: =SUM(F2:F13) | G15: =IF(B15=0,0,C15/B15)
